{
  "started_at_unix": 1780791465.4421918,
  "gpu_name": "NVIDIA A100 80GB PCIe",
  "stages": [
    "stage_2"
  ],
  "restore_checkpoint_dir": "/home/shashank/RobotLocomotion-Race/artifacts/experiments/stage1_forward_motion_reward_v4/best_checkpoint",
  "force_cpu": false,
  "finished_at_unix": 1780791866.8915055,
  "wallclock_sec": 401.4493136405945,
  "stage_summaries": [
    {
      "stage_name": "stage_2",
      "env_name": "Go2JoystickFlatTerrain",
      "backend_impl": "jax",
      "num_progress_events": 5,
      "final_metrics": {
        "eval/walltime": 151.34627223014832,
        "training/sps": 3706558.1409247154,
        "training/walltime": 113.52837419509888,
        "training/entropy_loss": 0.016072293743491173,
        "training/kl_mean": 0.03912188857793808,
        "training/learning_rate": 0.0003000000142492354,
        "training/policy_dist_max_loc": 2.061889171600342,
        "training/policy_dist_max_std": 1.2950679063796997,
        "training/policy_dist_mean_loc": 0.12956386804580688,
        "training/policy_dist_mean_std": 0.273647278547287,
        "training/policy_dist_min_loc": -2.9099481105804443,
        "training/policy_dist_min_std": 0.1194247156381607,
        "training/policy_loss": -0.02480720356106758,
        "training/total_loss": -0.008092490024864674,
        "training/v_loss": 0.0006424211896955967,
        "eval/episode_command_curriculum/active_bins": 3868.15625,
        "eval/episode_command_curriculum/current_bin_success": 21.37306785583496,
        "eval/episode_command_curriculum/mean_bin_success": 65.48663330078125,
        "eval/episode_command_curriculum/progress_vx": 483.51953125,
        "eval/episode_command_curriculum/progress_vy": 0.0,
        "eval/episode_command_curriculum/progress_yaw": 0.0,
        "eval/episode_reward": 119.49624633789062,
        "eval/episode_reward/action_rate": -22.426788330078125,
        "eval/episode_reward/action_smoothness_1": -2.242678642272949,
        "eval/episode_reward/action_smoothness_2": -6.905864238739014,
        "eval/episode_reward/ang_vel_xy": -67.73963165283203,
        "eval/episode_reward/base_height": -1.2543216943740845,
        "eval/episode_reward/command_tracking_error": -9.12624740600586,
        "eval/episode_reward/dof_acc": -3.907437324523926,
        "eval/episode_reward/dof_pos_limits": -2.5850720703601837e-05,
        "eval/episode_reward/energy": -120.96292114257812,
        "eval/episode_reward/feet_air_time": -0.10348756611347198,
        "eval/episode_reward/feet_clearance": -283.6185607910156,
        "eval/episode_reward/feet_height": -33.29069519042969,
        "eval/episode_reward/feet_impact_vel": -10.635139465332031,
        "eval/episode_reward/feet_slip": -77.32962799072266,
        "eval/episode_reward/lin_vel_z": -15.904691696166992,
        "eval/episode_reward/orientation": -39.6541862487793,
        "eval/episode_reward/pose": 381.50579833984375,
        "eval/episode_reward/stand_still": 0.0,
        "eval/episode_reward/support_contact": -38.484375,
        "eval/episode_reward/termination": -1.3671875,
        "eval/episode_reward/torques": -15.750788688659668,
        "eval/episode_reward/tracking_ang_vel": 1684.5966796875,
        "eval/episode_reward/tracking_lin_vel": 4652.06640625,
        "eval/episode_swing_peak": 15.59805679321289,
        "eval/episode_command_curriculum/active_bins_std": 578.6124877929688,
        "eval/episode_command_curriculum/current_bin_success_std": 27.575597763061523,
        "eval/episode_command_curriculum/mean_bin_success_std": 46.45035171508789,
        "eval/episode_command_curriculum/progress_vx_std": 72.3265609741211,
        "eval/episode_command_curriculum/progress_vy_std": 0.0,
        "eval/episode_command_curriculum/progress_yaw_std": 0.0,
        "eval/episode_reward_std": 18.740604400634766,
        "eval/episode_reward/action_rate_std": 3.718200922012329,
        "eval/episode_reward/action_smoothness_1_std": 0.37182021141052246,
        "eval/episode_reward/action_smoothness_2_std": 1.1206905841827393,
        "eval/episode_reward/ang_vel_xy_std": 11.226606369018555,
        "eval/episode_reward/base_height_std": 0.6518590450286865,
        "eval/episode_reward/command_tracking_error_std": 1.4369267225265503,
        "eval/episode_reward/dof_acc_std": 1.0495778322219849,
        "eval/episode_reward/dof_pos_limits_std": 0.0002913228527177125,
        "eval/episode_reward/energy_std": 32.322757720947266,
        "eval/episode_reward/feet_air_time_std": 0.09567049145698547,
        "eval/episode_reward/feet_clearance_std": 50.84281539916992,
        "eval/episode_reward/feet_height_std": 8.092582702636719,
        "eval/episode_reward/feet_impact_vel_std": 4.094098091125488,
        "eval/episode_reward/feet_slip_std": 22.571264266967773,
        "eval/episode_reward/lin_vel_z_std": 4.2145233154296875,
        "eval/episode_reward/orientation_std": 15.838275909423828,
        "eval/episode_reward/pose_std": 59.34614562988281,
        "eval/episode_reward/stand_still_std": 0.0,
        "eval/episode_reward/support_contact_std": 19.116106033325195,
        "eval/episode_reward/termination_std": 5.684230804443359,
        "eval/episode_reward/torques_std": 2.4299988746643066,
        "eval/episode_reward/tracking_ang_vel_std": 258.89947509765625,
        "eval/episode_reward/tracking_lin_vel_std": 716.7882690429688,
        "eval/episode_swing_peak_std": 3.872286081314087,
        "eval/avg_episode_length": 967.0390625,
        "eval/std_episode_length": 144.6531219482422,
        "eval/epoch_eval_time": 3.2747769355773926,
        "eval/sps": 39086.63170593379
      },
      "latest_checkpoint": "/home/shashank/RobotLocomotion-Race/artifacts/experiments/stage2_adaptive_curriculum_reward_v4/stage_2/checkpoints/000006553600",
      "selected_checkpoint_source": "/home/shashank/RobotLocomotion-Race/artifacts/experiments/stage2_adaptive_curriculum_reward_v4/stage_2/checkpoints/000006553600",
      "selected_checkpoint_export": "/home/shashank/RobotLocomotion-Race/artifacts/experiments/stage2_adaptive_curriculum_reward_v4/best_checkpoint",
      "selected_checkpoint_manifest": {
        "selection_method": "best_eval_reward",
        "selected_step": 6553600,
        "selected_eval_reward": 119.49624633789062,
        "source_checkpoint_dir": "/home/shashank/RobotLocomotion-Race/artifacts/experiments/stage2_adaptive_curriculum_reward_v4/stage_2/checkpoints/000006553600",
        "exported_checkpoint_dir": "/home/shashank/RobotLocomotion-Race/artifacts/experiments/stage2_adaptive_curriculum_reward_v4/best_checkpoint",
        "exported_at_unix": 1780791866.884142
      },
      "compile_time_sec": 164.85895936601446,
      "train_time_sec": 229.37037747399881
    }
  ]
}