{
  "stage_name": "stage_1",
  "env_name": "Go2JoystickFlatTerrain",
  "backend_impl": "jax",
  "num_progress_events": 5,
  "final_metrics": {
    "eval/walltime": 141.22031784057617,
    "training/sps": 3818855.1147457445,
    "training/walltime": 129.73501443862915,
    "training/entropy_loss": 0.08758954703807831,
    "training/kl_mean": 0.049361445009708405,
    "training/learning_rate": 0.00029999998514540493,
    "training/policy_dist_max_loc": 2.1877431869506836,
    "training/policy_dist_max_std": 0.8370391130447388,
    "training/policy_dist_mean_loc": 0.13338357210159302,
    "training/policy_dist_mean_std": 0.1386798620223999,
    "training/policy_dist_min_loc": -2.079209327697754,
    "training/policy_dist_min_std": 0.0756891518831253,
    "training/policy_loss": -0.00299207866191864,
    "training/total_loss": 0.08490394055843353,
    "training/v_loss": 0.00030648187384940684,
    "eval/episode_command_curriculum/active_bins": 175000.0,
    "eval/episode_command_curriculum/current_bin_success": 0.0,
    "eval/episode_command_curriculum/mean_bin_success": 0.0,
    "eval/episode_command_curriculum/progress_vx": 1000.0,
    "eval/episode_command_curriculum/progress_vy": 1000.0,
    "eval/episode_command_curriculum/progress_yaw": 1000.0,
    "eval/episode_reward": 115.42716979980469,
    "eval/episode_reward/action_rate": -9.336767196655273,
    "eval/episode_reward/action_smoothness_1": -0.9336766004562378,
    "eval/episode_reward/action_smoothness_2": -2.621248245239258,
    "eval/episode_reward/ang_vel_xy": -26.482975006103516,
    "eval/episode_reward/base_height": -1.742957592010498,
    "eval/episode_reward/command_tracking_error": -3.1510159969329834,
    "eval/episode_reward/dof_acc": -2.315937042236328,
    "eval/episode_reward/dof_pos_limits": 0.0,
    "eval/episode_reward/energy": -84.11396026611328,
    "eval/episode_reward/feet_air_time": 0.09702184051275253,
    "eval/episode_reward/feet_clearance": -227.18597412109375,
    "eval/episode_reward/feet_height": -8.480152130126953,
    "eval/episode_reward/feet_impact_vel": -9.335105895996094,
    "eval/episode_reward/feet_slip": -19.754566192626953,
    "eval/episode_reward/lin_vel_z": -7.160181045532227,
    "eval/episode_reward/orientation": -7.912842750549316,
    "eval/episode_reward/pose": 457.28826904296875,
    "eval/episode_reward/stand_still": -87.26338958740234,
    "eval/episode_reward/support_contact": -5.978124141693115,
    "eval/episode_reward/termination": 0.0,
    "eval/episode_reward/torques": -12.968548774719238,
    "eval/episode_reward/tracking_ang_vel": 928.04541015625,
    "eval/episode_reward/tracking_lin_vel": 4902.45703125,
    "eval/episode_swing_peak": 13.805965423583984,
    "eval/episode_command_curriculum/active_bins_std": 0.0,
    "eval/episode_command_curriculum/current_bin_success_std": 0.0,
    "eval/episode_command_curriculum/mean_bin_success_std": 0.0,
    "eval/episode_command_curriculum/progress_vx_std": 0.0,
    "eval/episode_command_curriculum/progress_vy_std": 0.0,
    "eval/episode_command_curriculum/progress_yaw_std": 0.0,
    "eval/episode_reward_std": 3.139219045639038,
    "eval/episode_reward/action_rate_std": 2.628340005874634,
    "eval/episode_reward/action_smoothness_1_std": 0.26283395290374756,
    "eval/episode_reward/action_smoothness_2_std": 0.6282938122749329,
    "eval/episode_reward/ang_vel_xy_std": 8.427783012390137,
    "eval/episode_reward/base_height_std": 0.827416181564331,
    "eval/episode_reward/command_tracking_error_std": 0.7994694113731384,
    "eval/episode_reward/dof_acc_std": 1.452709674835205,
    "eval/episode_reward/dof_pos_limits_std": 0.0,
    "eval/episode_reward/energy_std": 47.22990417480469,
    "eval/episode_reward/feet_air_time_std": 0.08073971420526505,
    "eval/episode_reward/feet_clearance_std": 90.40514373779297,
    "eval/episode_reward/feet_height_std": 6.273074626922607,
    "eval/episode_reward/feet_impact_vel_std": 6.623899459838867,
    "eval/episode_reward/feet_slip_std": 13.65726375579834,
    "eval/episode_reward/lin_vel_z_std": 3.0280256271362305,
    "eval/episode_reward/orientation_std": 4.7978925704956055,
    "eval/episode_reward/pose_std": 27.959007263183594,
    "eval/episode_reward/stand_still_std": 107.22766876220703,
    "eval/episode_reward/support_contact_std": 5.759188175201416,
    "eval/episode_reward/termination_std": 0.0,
    "eval/episode_reward/torques_std": 1.6499018669128418,
    "eval/episode_reward/tracking_ang_vel_std": 11.420623779296875,
    "eval/episode_reward/tracking_lin_vel_std": 38.693382263183594,
    "eval/episode_swing_peak_std": 9.168351173400879,
    "eval/avg_episode_length": 1000.0,
    "eval/std_episode_length": 0.0,
    "eval/epoch_eval_time": 3.17588472366333,
    "eval/sps": 40303.729869752366
  },
  "latest_checkpoint": "/home/shashank/RobotLocomotion-Race/artifacts/experiments/stage1_forward_motion_reward_v4/stage_1/checkpoints/000013107200",
  "selected_checkpoint_source": "/home/shashank/RobotLocomotion-Race/artifacts/experiments/stage1_forward_motion_reward_v4/stage_1/checkpoints/000013107200",
  "selected_checkpoint_export": "/home/shashank/RobotLocomotion-Race/artifacts/experiments/stage1_forward_motion_reward_v4/best_checkpoint",
  "selected_checkpoint_manifest": {
    "selection_method": "best_eval_reward",
    "selected_step": 13107200,
    "selected_eval_reward": 115.42716979980469,
    "source_checkpoint_dir": "/home/shashank/RobotLocomotion-Race/artifacts/experiments/stage1_forward_motion_reward_v4/stage_1/checkpoints/000013107200",
    "exported_checkpoint_dir": "/home/shashank/RobotLocomotion-Race/artifacts/experiments/stage1_forward_motion_reward_v4/best_checkpoint",
    "exported_at_unix": 1780791377.9049096
  },
  "compile_time_sec": 152.3746662939957,
  "train_time_sec": 238.01229178800713
}