{
  "started_at_unix": 1780786179.6226304,
  "gpu_name": "NVIDIA A100 80GB PCIe",
  "stages": [
    "stage_2"
  ],
  "restore_checkpoint_dir": "/home/shashank/RobotLocomotion-Race/artifacts/experiments/stage1_forward_motion_reward_v2/best_checkpoint",
  "force_cpu": false,
  "finished_at_unix": 1780786584.529591,
  "wallclock_sec": 404.9069607257843,
  "stage_summaries": [
    {
      "stage_name": "stage_2",
      "env_name": "Go2JoystickFlatTerrain",
      "backend_impl": "jax",
      "num_progress_events": 5,
      "final_metrics": {
        "eval/walltime": 152.00381112098694,
        "training/sps": 3577699.0168020898,
        "training/walltime": 116.95896935462952,
        "training/entropy_loss": -0.007241023238748312,
        "training/kl_mean": 0.03718934208154678,
        "training/learning_rate": 0.0003000000142492354,
        "training/policy_dist_max_loc": 2.6719212532043457,
        "training/policy_dist_max_std": 1.3372020721435547,
        "training/policy_dist_mean_loc": 0.14352402091026306,
        "training/policy_dist_mean_std": 0.3710872530937195,
        "training/policy_dist_min_loc": -2.4263739585876465,
        "training/policy_dist_min_std": 0.13695128262043,
        "training/policy_loss": -0.022350355982780457,
        "training/total_loss": -0.026582716032862663,
        "training/v_loss": 0.0030086638871580362,
        "eval/episode_command_curriculum/active_bins": 15058.1796875,
        "eval/episode_command_curriculum/current_bin_success": 0.55195152759552,
        "eval/episode_command_curriculum/mean_bin_success": 12.65262222290039,
        "eval/episode_command_curriculum/progress_vx": 406.8541259765625,
        "eval/episode_command_curriculum/progress_vy": 171.89453125,
        "eval/episode_command_curriculum/progress_yaw": 171.49609375,
        "eval/episode_reward": 75.99880981445312,
        "eval/episode_reward/action_rate": -18.442401885986328,
        "eval/episode_reward/action_smoothness_1": -7.376960754394531,
        "eval/episode_reward/action_smoothness_2": -22.64027214050293,
        "eval/episode_reward/ang_vel_xy": -57.59846878051758,
        "eval/episode_reward/command_tracking_error": -134.0677032470703,
        "eval/episode_reward/dof_acc": -9.430418014526367,
        "eval/episode_reward/dof_pos_limits": -0.0032357466407120228,
        "eval/episode_reward/energy": -48.042808532714844,
        "eval/episode_reward/feet_air_time": -2.336578369140625,
        "eval/episode_reward/feet_clearance": -5.9823784828186035,
        "eval/episode_reward/feet_height": -2.709648609161377,
        "eval/episode_reward/feet_impact_vel": -5.961479187011719,
        "eval/episode_reward/feet_slip": -11.772039413452148,
        "eval/episode_reward/lin_vel_z": -9.647584915161133,
        "eval/episode_reward/orientation": -41.083229064941406,
        "eval/episode_reward/pose": 27.174205780029297,
        "eval/episode_reward/stand_still": 0.0,
        "eval/episode_reward/termination": -4.375,
        "eval/episode_reward/torques": -13.536014556884766,
        "eval/episode_reward/tracking_ang_vel": 1008.3485107421875,
        "eval/episode_reward/tracking_lin_vel": 3112.467041015625,
        "eval/episode_swing_peak": 18.229660034179688,
        "eval/episode_command_curriculum/active_bins_std": 12233.7314453125,
        "eval/episode_command_curriculum/current_bin_success_std": 3.5702502727508545,
        "eval/episode_command_curriculum/mean_bin_success_std": 12.174906730651855,
        "eval/episode_command_curriculum/progress_vx_std": 147.13397216796875,
        "eval/episode_command_curriculum/progress_vy_std": 161.4871063232422,
        "eval/episode_command_curriculum/progress_yaw_std": 161.60748291015625,
        "eval/episode_reward_std": 31.102827072143555,
        "eval/episode_reward/action_rate_std": 7.497483253479004,
        "eval/episode_reward/action_smoothness_1_std": 2.9989936351776123,
        "eval/episode_reward/action_smoothness_2_std": 9.234295845031738,
        "eval/episode_reward/ang_vel_xy_std": 25.057971954345703,
        "eval/episode_reward/command_tracking_error_std": 55.818397521972656,
        "eval/episode_reward/dof_acc_std": 4.175693035125732,
        "eval/episode_reward/dof_pos_limits_std": 0.013082361780107021,
        "eval/episode_reward/energy_std": 20.505374908447266,
        "eval/episode_reward/feet_air_time_std": 1.5805003643035889,
        "eval/episode_reward/feet_clearance_std": 1.9652906656265259,
        "eval/episode_reward/feet_height_std": 1.0764493942260742,
        "eval/episode_reward/feet_impact_vel_std": 2.8909213542938232,
        "eval/episode_reward/feet_slip_std": 5.394034385681152,
        "eval/episode_reward/lin_vel_z_std": 4.515152931213379,
        "eval/episode_reward/orientation_std": 14.980603218078613,
        "eval/episode_reward/pose_std": 10.038190841674805,
        "eval/episode_reward/stand_still_std": 0.0,
        "eval/episode_reward/termination_std": 4.9607834815979,
        "eval/episode_reward/torques_std": 5.127671718597412,
        "eval/episode_reward/tracking_ang_vel_std": 391.6579284667969,
        "eval/episode_reward/tracking_lin_vel_std": 1240.437744140625,
        "eval/episode_swing_peak_std": 6.314157485961914,
        "eval/avg_episode_length": 787.2890625,
        "eval/std_episode_length": 281.9380187988281,
        "eval/epoch_eval_time": 3.2782623767852783,
        "eval/sps": 39045.07488675115
      },
      "latest_checkpoint": "/home/shashank/RobotLocomotion-Race/artifacts/experiments/stage2_adaptive_curriculum_reward_v2/stage_2/checkpoints/000006553600",
      "selected_checkpoint_source": "/home/shashank/RobotLocomotion-Race/artifacts/experiments/stage2_adaptive_curriculum_reward_v2/stage_2/checkpoints/000004915200",
      "selected_checkpoint_export": "/home/shashank/RobotLocomotion-Race/artifacts/experiments/stage2_adaptive_curriculum_reward_v2/best_checkpoint",
      "selected_checkpoint_manifest": {
        "selection_method": "best_eval_reward",
        "selected_step": 4915200,
        "selected_eval_reward": 77.66094970703125,
        "source_checkpoint_dir": "/home/shashank/RobotLocomotion-Race/artifacts/experiments/stage2_adaptive_curriculum_reward_v2/stage_2/checkpoints/000004915200",
        "exported_checkpoint_dir": "/home/shashank/RobotLocomotion-Race/artifacts/experiments/stage2_adaptive_curriculum_reward_v2/best_checkpoint",
        "exported_at_unix": 1780786584.522568
      },
      "compile_time_sec": 165.04879811001592,
      "train_time_sec": 233.67985508299898
    }
  ]
}