{
  "started_at_unix": 1780793389.7874897,
  "gpu_name": "NVIDIA A100 80GB PCIe",
  "stages": [
    "stage_2"
  ],
  "restore_checkpoint_dir": "/home/shashank/RobotLocomotion-Race/artifacts/experiments/stage1_forward_motion_reward_v4/best_checkpoint",
  "force_cpu": false,
  "finished_at_unix": 1780793810.0364618,
  "wallclock_sec": 420.2489721775055,
  "stage_summaries": [
    {
      "stage_name": "stage_2",
      "env_name": "Go2JoystickFlatTerrain",
      "backend_impl": "jax",
      "num_progress_events": 5,
      "final_metrics": {
        "eval/walltime": 151.3333592414856,
        "training/sps": 3889615.842947074,
        "training/walltime": 132.06805777549744,
        "training/entropy_loss": 0.06556089222431183,
        "training/kl_mean": 0.04559465870261192,
        "training/learning_rate": 0.00029999998514540493,
        "training/policy_dist_max_loc": 2.3535380363464355,
        "training/policy_dist_max_std": 1.0556004047393799,
        "training/policy_dist_mean_loc": 0.13289231061935425,
        "training/policy_dist_mean_std": 0.1781885176897049,
        "training/policy_dist_min_loc": -2.4961135387420654,
        "training/policy_dist_min_std": 0.06967364251613617,
        "training/policy_loss": -0.01088358648121357,
        "training/total_loss": 0.05529169365763664,
        "training/v_loss": 0.0006143860518932343,
        "eval/episode_command_curriculum/active_bins": 35782.3125,
        "eval/episode_command_curriculum/current_bin_success": 3.0991311073303223,
        "eval/episode_command_curriculum/mean_bin_success": 58.97391891479492,
        "eval/episode_command_curriculum/progress_vx": 496.9765625,
        "eval/episode_command_curriculum/progress_vy": 496.9765625,
        "eval/episode_command_curriculum/progress_yaw": 496.9765625,
        "eval/episode_reward": 168.8744354248047,
        "eval/episode_reward/action_rate": -13.018999099731445,
        "eval/episode_reward/action_smoothness_1": -1.3018999099731445,
        "eval/episode_reward/action_smoothness_2": -3.7215335369110107,
        "eval/episode_reward/ang_vel_xy": -34.035400390625,
        "eval/episode_reward/base_height": -1.6433502435684204,
        "eval/episode_reward/command_tracking_error": -9.704142570495605,
        "eval/episode_reward/dof_acc": -2.8069117069244385,
        "eval/episode_reward/dof_pos_limits": -0.00017345231026411057,
        "eval/episode_reward/energy": -96.36538696289062,
        "eval/episode_reward/feet_air_time": 0.09070932865142822,
        "eval/episode_reward/feet_clearance": -247.08526611328125,
        "eval/episode_reward/feet_height": -18.830448150634766,
        "eval/episode_reward/feet_impact_vel": -10.867053985595703,
        "eval/episode_reward/feet_slip": -33.61486053466797,
        "eval/episode_reward/lin_vel_z": -10.439979553222656,
        "eval/episode_reward/orientation": -21.766292572021484,
        "eval/episode_reward/pose": 427.23583984375,
        "eval/episode_reward/stand_still": 0.0,
        "eval/episode_reward/support_contact": -8.572265625,
        "eval/episode_reward/termination": -0.390625,
        "eval/episode_reward/torques": -14.044748306274414,
        "eval/episode_reward/tracking_ang_vel": 2744.3115234375,
        "eval/episode_reward/tracking_lin_vel": 5798.66064453125,
        "eval/episode_swing_peak": 19.509994506835938,
        "eval/episode_command_curriculum/active_bins_std": 1984.688232421875,
        "eval/episode_command_curriculum/current_bin_success_std": 11.677425384521484,
        "eval/episode_command_curriculum/mean_bin_success_std": 35.02334976196289,
        "eval/episode_command_curriculum/progress_vx_std": 27.565109252929688,
        "eval/episode_command_curriculum/progress_vy_std": 27.565109252929688,
        "eval/episode_command_curriculum/progress_yaw_std": 27.565109252929688,
        "eval/episode_reward_std": 10.102900505065918,
        "eval/episode_reward/action_rate_std": 1.5371760129928589,
        "eval/episode_reward/action_smoothness_1_std": 0.1537175476551056,
        "eval/episode_reward/action_smoothness_2_std": 0.4306677281856537,
        "eval/episode_reward/ang_vel_xy_std": 4.851701259613037,
        "eval/episode_reward/base_height_std": 1.0349043607711792,
        "eval/episode_reward/command_tracking_error_std": 1.7864428758621216,
        "eval/episode_reward/dof_acc_std": 0.7021484971046448,
        "eval/episode_reward/dof_pos_limits_std": 0.0019547082483768463,
        "eval/episode_reward/energy_std": 23.368406295776367,
        "eval/episode_reward/feet_air_time_std": 0.10509400814771652,
        "eval/episode_reward/feet_clearance_std": 27.395763397216797,
        "eval/episode_reward/feet_height_std": 6.541451930999756,
        "eval/episode_reward/feet_impact_vel_std": 4.0920090675354,
        "eval/episode_reward/feet_slip_std": 9.239360809326172,
        "eval/episode_reward/lin_vel_z_std": 2.5946576595306396,
        "eval/episode_reward/orientation_std": 10.610177993774414,
        "eval/episode_reward/pose_std": 28.528182983398438,
        "eval/episode_reward/stand_still_std": 0.0,
        "eval/episode_reward/support_contact_std": 5.007626056671143,
        "eval/episode_reward/termination_std": 3.100489854812622,
        "eval/episode_reward/torques_std": 1.086378812789917,
        "eval/episode_reward/tracking_ang_vel_std": 160.2165069580078,
        "eval/episode_reward/tracking_lin_vel_std": 333.9443054199219,
        "eval/episode_swing_peak_std": 4.846506595611572,
        "eval/avg_episode_length": 993.953125,
        "eval/std_episode_length": 55.130218505859375,
        "eval/epoch_eval_time": 3.2785234451293945,
        "eval/sps": 39041.96573312843
      },
      "latest_checkpoint": "/home/shashank/RobotLocomotion-Race/artifacts/experiments/stage2_adaptive_curriculum_reward_v5/stage_2/checkpoints/000013107200",
      "selected_checkpoint_source": "/home/shashank/RobotLocomotion-Race/artifacts/experiments/stage2_adaptive_curriculum_reward_v5/stage_2/checkpoints/000013107200",
      "selected_checkpoint_export": "/home/shashank/RobotLocomotion-Race/artifacts/experiments/stage2_adaptive_curriculum_reward_v5/best_checkpoint",
      "selected_checkpoint_manifest": {
        "selection_method": "best_eval_reward",
        "selected_step": 13107200,
        "selected_eval_reward": 168.8744354248047,
        "source_checkpoint_dir": "/home/shashank/RobotLocomotion-Race/artifacts/experiments/stage2_adaptive_curriculum_reward_v5/stage_2/checkpoints/000013107200",
        "exported_checkpoint_dir": "/home/shashank/RobotLocomotion-Race/artifacts/experiments/stage2_adaptive_curriculum_reward_v5/best_checkpoint",
        "exported_at_unix": 1780793810.0272648
      },
      "compile_time_sec": 165.10990039698663,
      "train_time_sec": 249.03473116099485
    }
  ]
}