{
  "num_steps": 13107200,
  "metrics": {
    "eval/walltime": 140.39994430541992,
    "training/sps": 3811749.437468695,
    "training/walltime": 133.27799201011658,
    "training/entropy_loss": 0.050992123782634735,
    "training/kl_mean": 0.04143732786178589,
    "training/learning_rate": 0.00029999998514540493,
    "training/policy_dist_max_loc": 2.700205087661743,
    "training/policy_dist_max_std": 1.233599305152893,
    "training/policy_dist_mean_loc": 0.13352976739406586,
    "training/policy_dist_mean_std": 0.2052759826183319,
    "training/policy_dist_min_loc": -2.7171146869659424,
    "training/policy_dist_min_std": 0.09186942875385284,
    "training/policy_loss": -0.007829787209630013,
    "training/total_loss": 0.043916843831539154,
    "training/v_loss": 0.0007545044645667076,
    "eval/episode_command_curriculum/active_bins": 172786.53125,
    "eval/episode_command_curriculum/current_bin_success": 0.0,
    "eval/episode_command_curriculum/mean_bin_success": 0.0,
    "eval/episode_command_curriculum/progress_vx": 987.3515625,
    "eval/episode_command_curriculum/progress_vy": 987.3515625,
    "eval/episode_command_curriculum/progress_yaw": 987.3515625,
    "eval/episode_reward": 101.07623291015625,
    "eval/episode_reward/action_rate": -10.775161743164062,
    "eval/episode_reward/action_smoothness_1": -4.310064792633057,
    "eval/episode_reward/action_smoothness_2": -12.803060531616211,
    "eval/episode_reward/ang_vel_xy": -22.18224334716797,
    "eval/episode_reward/command_tracking_error": -40.205596923828125,
    "eval/episode_reward/dof_acc": -5.090273380279541,
    "eval/episode_reward/dof_pos_limits": -9.842216968536377e-05,
    "eval/episode_reward/energy": -29.688106536865234,
    "eval/episode_reward/feet_air_time": -1.6190626621246338,
    "eval/episode_reward/feet_clearance": -5.84377384185791,
    "eval/episode_reward/feet_height": -2.080094814300537,
    "eval/episode_reward/feet_impact_vel": -4.3080315589904785,
    "eval/episode_reward/feet_slip": -6.322501182556152,
    "eval/episode_reward/lin_vel_z": -6.805675983428955,
    "eval/episode_reward/orientation": -10.201953887939453,
    "eval/episode_reward/pose": 38.28706359863281,
    "eval/episode_reward/stand_still": -120.1436538696289,
    "eval/episode_reward/termination": -0.234375,
    "eval/episode_reward/torques": -9.989460945129395,
    "eval/episode_reward/tracking_ang_vel": 792.2877807617188,
    "eval/episode_reward/tracking_lin_vel": 4512.73291015625,
    "eval/episode_swing_peak": 12.668970108032227,
    "eval/episode_command_curriculum/active_bins_std": 16167.3642578125,
    "eval/episode_command_curriculum/current_bin_success_std": 0.0,
    "eval/episode_command_curriculum/mean_bin_success_std": 0.0,
    "eval/episode_command_curriculum/progress_vx_std": 92.38494873046875,
    "eval/episode_command_curriculum/progress_vy_std": 92.38494873046875,
    "eval/episode_command_curriculum/progress_yaw_std": 92.38494873046875,
    "eval/episode_reward_std": 10.272202491760254,
    "eval/episode_reward/action_rate_std": 2.9957079887390137,
    "eval/episode_reward/action_smoothness_1_std": 1.198283314704895,
    "eval/episode_reward/action_smoothness_2_std": 3.3394172191619873,
    "eval/episode_reward/ang_vel_xy_std": 8.119416236877441,
    "eval/episode_reward/command_tracking_error_std": 9.096248626708984,
    "eval/episode_reward/dof_acc_std": 2.5906474590301514,
    "eval/episode_reward/dof_pos_limits_std": 0.0011091617634519935,
    "eval/episode_reward/energy_std": 14.206679344177246,
    "eval/episode_reward/feet_air_time_std": 1.4996562004089355,
    "eval/episode_reward/feet_clearance_std": 1.7994860410690308,
    "eval/episode_reward/feet_height_std": 1.4170265197753906,
    "eval/episode_reward/feet_impact_vel_std": 2.4006612300872803,
    "eval/episode_reward/feet_slip_std": 4.283626079559326,
    "eval/episode_reward/lin_vel_z_std": 4.182122230529785,
    "eval/episode_reward/orientation_std": 6.9190826416015625,
    "eval/episode_reward/pose_std": 8.282622337341309,
    "eval/episode_reward/stand_still_std": 146.30511474609375,
    "eval/episode_reward/termination_std": 1.5128841400146484,
    "eval/episode_reward/torques_std": 2.758113145828247,
    "eval/episode_reward/tracking_ang_vel_std": 79.94603729248047,
    "eval/episode_reward/tracking_lin_vel_std": 466.33294677734375,
    "eval/episode_swing_peak_std": 6.126467704772949,
    "eval/avg_episode_length": 987.3515625,
    "eval/std_episode_length": 92.38494873046875,
    "eval/epoch_eval_time": 3.1574740409851074,
    "eval/sps": 40538.7339178456
  }
}