{
  "stage_name": "stage_1",
  "env_name": "Go2JoystickFlatTerrain",
  "backend_impl": "jax",
  "num_progress_events": 5,
  "final_metrics": {
    "eval/walltime": 141.48604106903076,
    "training/sps": 3945729.5412623845,
    "training/walltime": 128.24879336357117,
    "training/entropy_loss": 0.07052208483219147,
    "training/kl_mean": 0.04118891805410385,
    "training/learning_rate": 0.00029999998514540493,
    "training/policy_dist_max_loc": 2.239875316619873,
    "training/policy_dist_max_std": 0.9348475933074951,
    "training/policy_dist_mean_loc": 0.1261748969554901,
    "training/policy_dist_mean_std": 0.16396182775497437,
    "training/policy_dist_min_loc": -1.8809205293655396,
    "training/policy_dist_min_std": 0.0893419161438942,
    "training/policy_loss": -0.006838914938271046,
    "training/total_loss": 0.06443578749895096,
    "training/v_loss": 0.0007526131812483072,
    "eval/episode_command_curriculum/active_bins": 175000.0,
    "eval/episode_command_curriculum/current_bin_success": 0.0,
    "eval/episode_command_curriculum/mean_bin_success": 0.0,
    "eval/episode_command_curriculum/progress_vx": 1000.0,
    "eval/episode_command_curriculum/progress_vy": 1000.0,
    "eval/episode_command_curriculum/progress_yaw": 1000.0,
    "eval/episode_reward": 102.40010833740234,
    "eval/episode_reward/action_rate": -11.567904472351074,
    "eval/episode_reward/action_smoothness_1": -4.627162456512451,
    "eval/episode_reward/action_smoothness_2": -13.610240936279297,
    "eval/episode_reward/ang_vel_xy": -18.29523277282715,
    "eval/episode_reward/command_tracking_error": -32.425079345703125,
    "eval/episode_reward/dof_acc": -12.730937957763672,
    "eval/episode_reward/dof_pos_limits": 0.0,
    "eval/episode_reward/energy": -79.32608032226562,
    "eval/episode_reward/feet_air_time": -0.14411252737045288,
    "eval/episode_reward/feet_clearance": -10.52779769897461,
    "eval/episode_reward/feet_height": -4.1854705810546875,
    "eval/episode_reward/feet_impact_vel": -9.547497749328613,
    "eval/episode_reward/feet_slip": -30.609853744506836,
    "eval/episode_reward/lin_vel_z": -11.854557991027832,
    "eval/episode_reward/orientation": -8.638970375061035,
    "eval/episode_reward/pose": 38.038047790527344,
    "eval/episode_reward/stand_still": -119.36981201171875,
    "eval/episode_reward/termination": 0.0,
    "eval/episode_reward/torques": -30.66132354736328,
    "eval/episode_reward/tracking_ang_vel": 835.89013671875,
    "eval/episode_reward/tracking_lin_vel": 4640.6337890625,
    "eval/episode_swing_peak": 11.559208869934082,
    "eval/episode_command_curriculum/active_bins_std": 0.0,
    "eval/episode_command_curriculum/current_bin_success_std": 0.0,
    "eval/episode_command_curriculum/mean_bin_success_std": 0.0,
    "eval/episode_command_curriculum/progress_vx_std": 0.0,
    "eval/episode_command_curriculum/progress_vy_std": 0.0,
    "eval/episode_command_curriculum/progress_yaw_std": 0.0,
    "eval/episode_reward_std": 1.9242267608642578,
    "eval/episode_reward/action_rate_std": 1.9719243049621582,
    "eval/episode_reward/action_smoothness_1_std": 0.7887696623802185,
    "eval/episode_reward/action_smoothness_2_std": 2.016338586807251,
    "eval/episode_reward/ang_vel_xy_std": 6.891292572021484,
    "eval/episode_reward/command_tracking_error_std": 6.587217330932617,
    "eval/episode_reward/dof_acc_std": 6.3402838706970215,
    "eval/episode_reward/dof_pos_limits_std": 0.0,
    "eval/episode_reward/energy_std": 37.81563186645508,
    "eval/episode_reward/feet_air_time_std": 0.21764510869979858,
    "eval/episode_reward/feet_clearance_std": 3.412616014480591,
    "eval/episode_reward/feet_height_std": 2.778242588043213,
    "eval/episode_reward/feet_impact_vel_std": 5.4568705558776855,
    "eval/episode_reward/feet_slip_std": 21.05695343017578,
    "eval/episode_reward/lin_vel_z_std": 7.655702114105225,
    "eval/episode_reward/orientation_std": 4.70287561416626,
    "eval/episode_reward/pose_std": 7.658936500549316,
    "eval/episode_reward/stand_still_std": 145.1722412109375,
    "eval/episode_reward/termination_std": 0.0,
    "eval/episode_reward/torques_std": 7.163449764251709,
    "eval/episode_reward/tracking_ang_vel_std": 12.926177024841309,
    "eval/episode_reward/tracking_lin_vel_std": 99.20747375488281,
    "eval/episode_swing_peak_std": 5.74509334564209,
    "eval/avg_episode_length": 1000.0,
    "eval/std_episode_length": 0.0,
    "eval/epoch_eval_time": 3.182201862335205,
    "eval/sps": 40223.721038887634
  },
  "latest_checkpoint": "/home/shashank/RobotLocomotion-Race/artifacts/experiments/stage1_forward_motion_reward_v3/stage_1/checkpoints/000013107200",
  "selected_checkpoint_source": "/home/shashank/RobotLocomotion-Race/artifacts/experiments/stage1_forward_motion_reward_v3/stage_1/checkpoints/000013107200",
  "selected_checkpoint_export": "/home/shashank/RobotLocomotion-Race/artifacts/experiments/stage1_forward_motion_reward_v3/best_checkpoint",
  "selected_checkpoint_manifest": {
    "selection_method": "best_eval_reward",
    "selected_step": 13107200,
    "selected_eval_reward": 102.40010833740234,
    "source_checkpoint_dir": "/home/shashank/RobotLocomotion-Race/artifacts/experiments/stage1_forward_motion_reward_v3/stage_1/checkpoints/000013107200",
    "exported_checkpoint_dir": "/home/shashank/RobotLocomotion-Race/artifacts/experiments/stage1_forward_motion_reward_v3/best_checkpoint",
    "exported_at_unix": 1780788551.816249
  },
  "compile_time_sec": 151.23666872599279,
  "train_time_sec": 235.7874029360246
}