{
  "started_at_unix": 1780788642.0100105,
  "gpu_name": "NVIDIA A100 80GB PCIe",
  "stages": [
    "stage_2"
  ],
  "restore_checkpoint_dir": "/home/shashank/RobotLocomotion-Race/artifacts/experiments/stage1_forward_motion_reward_v3/best_checkpoint",
  "force_cpu": false,
  "finished_at_unix": 1780789046.248068,
  "wallclock_sec": 404.2380576133728,
  "stage_summaries": [
    {
      "stage_name": "stage_2",
      "env_name": "Go2JoystickFlatTerrain",
      "backend_impl": "jax",
      "num_progress_events": 5,
      "final_metrics": {
        "eval/walltime": 153.1213617324829,
        "training/sps": 3565186.9058279213,
        "training/walltime": 111.6967544555664,
        "training/entropy_loss": 0.011926624923944473,
        "training/kl_mean": 0.03626073896884918,
        "training/learning_rate": 0.0003000000142492354,
        "training/policy_dist_max_loc": 2.368945837020874,
        "training/policy_dist_max_std": 1.1549111604690552,
        "training/policy_dist_mean_loc": 0.17622950673103333,
        "training/policy_dist_mean_std": 0.30680471658706665,
        "training/policy_dist_min_loc": -2.2321317195892334,
        "training/policy_dist_min_std": 0.11792027950286865,
        "training/policy_loss": -0.024793842807412148,
        "training/total_loss": -0.011302023194730282,
        "training/v_loss": 0.001565194921568036,
        "eval/episode_command_curriculum/active_bins": 3787.15625,
        "eval/episode_command_curriculum/current_bin_success": 19.926658630371094,
        "eval/episode_command_curriculum/mean_bin_success": 59.22822189331055,
        "eval/episode_command_curriculum/progress_vx": 473.39453125,
        "eval/episode_command_curriculum/progress_vy": 0.0,
        "eval/episode_command_curriculum/progress_yaw": 0.0,
        "eval/episode_reward": 102.32321166992188,
        "eval/episode_reward/action_rate": -23.381999969482422,
        "eval/episode_reward/action_smoothness_1": -9.352800369262695,
        "eval/episode_reward/action_smoothness_2": -28.625545501708984,
        "eval/episode_reward/ang_vel_xy": -34.76424026489258,
        "eval/episode_reward/command_tracking_error": -73.56578063964844,
        "eval/episode_reward/dof_acc": -22.404300689697266,
        "eval/episode_reward/dof_pos_limits": 0.0,
        "eval/episode_reward/energy": -109.99808502197266,
        "eval/episode_reward/feet_air_time": -0.564056396484375,
        "eval/episode_reward/feet_clearance": -11.69219970703125,
        "eval/episode_reward/feet_height": -8.201364517211914,
        "eval/episode_reward/feet_impact_vel": -13.201822280883789,
        "eval/episode_reward/feet_slip": -63.61677932739258,
        "eval/episode_reward/lin_vel_z": -9.213443756103516,
        "eval/episode_reward/orientation": -30.927650451660156,
        "eval/episode_reward/pose": 28.376712799072266,
        "eval/episode_reward/stand_still": 0.0,
        "eval/episode_reward/termination": -2.5390625,
        "eval/episode_reward/torques": -40.68083953857422,
        "eval/episode_reward/tracking_ang_vel": 1410.887939453125,
        "eval/episode_reward/tracking_lin_vel": 4143.93310546875,
        "eval/episode_swing_peak": 14.015886306762695,
        "eval/episode_command_curriculum/active_bins_std": 726.2705078125,
        "eval/episode_command_curriculum/current_bin_success_std": 26.717735290527344,
        "eval/episode_command_curriculum/mean_bin_success_std": 43.08241653442383,
        "eval/episode_command_curriculum/progress_vx_std": 90.7838134765625,
        "eval/episode_command_curriculum/progress_vy_std": 0.0,
        "eval/episode_command_curriculum/progress_yaw_std": 0.0,
        "eval/episode_reward_std": 21.135774612426758,
        "eval/episode_reward/action_rate_std": 5.6112775802612305,
        "eval/episode_reward/action_smoothness_1_std": 2.2445120811462402,
        "eval/episode_reward/action_smoothness_2_std": 6.92832612991333,
        "eval/episode_reward/ang_vel_xy_std": 8.809929847717285,
        "eval/episode_reward/command_tracking_error_std": 16.851455688476562,
        "eval/episode_reward/dof_acc_std": 6.688531875610352,
        "eval/episode_reward/dof_pos_limits_std": 0.0,
        "eval/episode_reward/energy_std": 31.64838981628418,
        "eval/episode_reward/feet_air_time_std": 0.30941835045814514,
        "eval/episode_reward/feet_clearance_std": 2.310828924179077,
        "eval/episode_reward/feet_height_std": 2.0556352138519287,
        "eval/episode_reward/feet_impact_vel_std": 4.744405746459961,
        "eval/episode_reward/feet_slip_std": 20.879947662353516,
        "eval/episode_reward/lin_vel_z_std": 4.079742431640625,
        "eval/episode_reward/orientation_std": 15.24828815460205,
        "eval/episode_reward/pose_std": 5.561166286468506,
        "eval/episode_reward/stand_still_std": 0.0,
        "eval/episode_reward/termination_std": 7.551802158355713,
        "eval/episode_reward/torques_std": 9.030280113220215,
        "eval/episode_reward/tracking_ang_vel_std": 283.8856506347656,
        "eval/episode_reward/tracking_lin_vel_std": 840.7341918945312,
        "eval/episode_swing_peak_std": 3.378612756729126,
        "eval/avg_episode_length": 946.7890625,
        "eval/std_episode_length": 181.567626953125,
        "eval/epoch_eval_time": 3.275294303894043,
        "eval/sps": 39080.45754783593
      },
      "latest_checkpoint": "/home/shashank/RobotLocomotion-Race/artifacts/experiments/stage2_adaptive_curriculum_reward_v3/stage_2/checkpoints/000006553600",
      "selected_checkpoint_source": "/home/shashank/RobotLocomotion-Race/artifacts/experiments/stage2_adaptive_curriculum_reward_v3/stage_2/checkpoints/000006553600",
      "selected_checkpoint_export": "/home/shashank/RobotLocomotion-Race/artifacts/experiments/stage2_adaptive_curriculum_reward_v3/best_checkpoint",
      "selected_checkpoint_manifest": {
        "selection_method": "best_eval_reward",
        "selected_step": 6553600,
        "selected_eval_reward": 102.32321166992188,
        "source_checkpoint_dir": "/home/shashank/RobotLocomotion-Race/artifacts/experiments/stage2_adaptive_curriculum_reward_v3/stage_2/checkpoints/000006553600",
        "exported_checkpoint_dir": "/home/shashank/RobotLocomotion-Race/artifacts/experiments/stage2_adaptive_curriculum_reward_v3/best_checkpoint",
        "exported_at_unix": 1780789046.2349231
      },
      "compile_time_sec": 168.47265187697485,
      "train_time_sec": 228.42378177199862
    }
  ]
}