{
  "num_steps": 13107200,
  "metrics": {
    "eval/walltime": 137.20330142974854,
    "training/sps": 2086461.1787138048,
    "training/walltime": 165.6060814857483,
    "training/entropy_loss": 0.1319371461868286,
    "training/kl_mean": 0.042091768234968185,
    "training/learning_rate": 0.00029999998514540493,
    "training/policy_dist_max_loc": 1.0719225406646729,
    "training/policy_dist_max_std": 0.5219892263412476,
    "training/policy_dist_mean_loc": 0.15453633666038513,
    "training/policy_dist_mean_std": 0.09094086289405823,
    "training/policy_dist_min_loc": -0.45580458641052246,
    "training/policy_dist_min_std": 0.052220724523067474,
    "training/policy_loss": 0.003668594639748335,
    "training/total_loss": 0.1357143521308899,
    "training/v_loss": 0.00010861268674489111,
    "eval/episode_command_curriculum/active_bins": 175000.0,
    "eval/episode_command_curriculum/current_bin_success": 0.0,
    "eval/episode_command_curriculum/mean_bin_success": 0.0,
    "eval/episode_command_curriculum/progress_vx": 1000.0,
    "eval/episode_command_curriculum/progress_vy": 1000.0,
    "eval/episode_command_curriculum/progress_yaw": 1000.0,
    "eval/episode_reward": 28.362220764160156,
    "eval/episode_reward/action_rate": -5.030377388000488,
    "eval/episode_reward/action_smoothness_1": 0.0,
    "eval/episode_reward/action_smoothness_2": 0.0,
    "eval/episode_reward/ang_vel_xy": -8.132928848266602,
    "eval/episode_reward/dof_acc": 0.0,
    "eval/episode_reward/dof_pos_limits": 0.0,
    "eval/episode_reward/energy": -15.26654052734375,
    "eval/episode_reward/feet_air_time": -0.16667190194129944,
    "eval/episode_reward/feet_clearance": -68.82162475585938,
    "eval/episode_reward/feet_height": -4.073709487915039,
    "eval/episode_reward/feet_impact_vel": 0.0,
    "eval/episode_reward/feet_slip": -0.35953280329704285,
    "eval/episode_reward/lin_vel_z": -0.8659198880195618,
    "eval/episode_reward/orientation": -7.093889236450195,
    "eval/episode_reward/pose": 478.321533203125,
    "eval/episode_reward/stand_still": -77.7020034790039,
    "eval/episode_reward/termination": 0.0,
    "eval/episode_reward/torques": -31.628206253051758,
    "eval/episode_reward/tracking_ang_vel": 479.85540771484375,
    "eval/episode_reward/tracking_lin_vel": 679.0494384765625,
    "eval/episode_swing_peak": 0.42345577478408813,
    "eval/episode_command_curriculum/active_bins_std": 0.0,
    "eval/episode_command_curriculum/current_bin_success_std": 0.0,
    "eval/episode_command_curriculum/mean_bin_success_std": 0.0,
    "eval/episode_command_curriculum/progress_vx_std": 0.0,
    "eval/episode_command_curriculum/progress_vy_std": 0.0,
    "eval/episode_command_curriculum/progress_yaw_std": 0.0,
    "eval/episode_reward_std": 5.166065692901611,
    "eval/episode_reward/action_rate_std": 0.4237755239009857,
    "eval/episode_reward/action_smoothness_1_std": 0.0,
    "eval/episode_reward/action_smoothness_2_std": 0.0,
    "eval/episode_reward/ang_vel_xy_std": 1.0852237939834595,
    "eval/episode_reward/dof_acc_std": 0.0,
    "eval/episode_reward/dof_pos_limits_std": 0.0,
    "eval/episode_reward/energy_std": 1.9115965366363525,
    "eval/episode_reward/feet_air_time_std": 0.18492406606674194,
    "eval/episode_reward/feet_clearance_std": 8.40332317352295,
    "eval/episode_reward/feet_height_std": 4.453972339630127,
    "eval/episode_reward/feet_impact_vel_std": 0.0,
    "eval/episode_reward/feet_slip_std": 0.3948962688446045,
    "eval/episode_reward/lin_vel_z_std": 0.2122497409582138,
    "eval/episode_reward/orientation_std": 6.1116743087768555,
    "eval/episode_reward/pose_std": 16.607681274414062,
    "eval/episode_reward/stand_still_std": 94.35913848876953,
    "eval/episode_reward/termination_std": 0.0,
    "eval/episode_reward/torques_std": 4.67267370223999,
    "eval/episode_reward/tracking_ang_vel_std": 2.2853190898895264,
    "eval/episode_reward/tracking_lin_vel_std": 290.9713134765625,
    "eval/episode_swing_peak_std": 0.5599427819252014,
    "eval/avg_episode_length": 1000.0,
    "eval/std_episode_length": 0.0,
    "eval/epoch_eval_time": 3.157534599304199,
    "eval/sps": 40537.95642594268
  }
}